{
  "central_vibe_positions": {
    "Sad": {
      "x": 638.8408075889328,
      "y": 511.18501511976746
    },
    "Happy": {
      "x": 415.5299992769218,
      "y": 665.6742332309941
    },
    "Chill": {
      "x": 340.92820652166057,
      "y": 567.5519703517634
    },
    "Anxious": {
      "x": 666.320226130547,
      "y": 381.28083597610936
    },
    "Energy": {
      "x": 534.3265483782968,
      "y": 618.4681761101018
    },
    "Dark": {
      "x": 778.8617822639851,
      "y": 652.3890217746964
    },
    "Introspective": {
      "x": 697.3498599082255,
      "y": 574.5860694713876
    },
    "Romantic": {
      "x": 255.96801713010447,
      "y": 443.4448351446805
    },
    "Nostalgic": {
      "x": 500.0207608671795,
      "y": 780.7702648940672
    },
    "Night": {
      "x": 503.61075257700406,
      "y": 344.032144281776
    },
    "Drive": {
      "x": 574.9105452434189,
      "y": 0.0
    },
    "Party": {
      "x": 214.3810261167495,
      "y": 650.876764864124
    },
    "Angry": {
      "x": 923.6413104545418,
      "y": 666.0467364806854
    },
    "Bitter": {
      "x": 705.8494787241943,
      "y": 862.4439583093754
    },
    "Hopeful": {
      "x": 834.5017979112678,
      "y": 463.38937349557
    },
    "Excited": {
      "x": 503.9302956430827,
      "y": 200.13216207992852
    },
    "Jealous": {
      "x": 107.06942918987347,
      "y": 514.0662729359678
    },
    "Peaceful": {
      "x": 0.0,
      "y": 937.6761729816158
    },
    "Playful": {
      "x": 777.583081131249,
      "y": 201.83996424476823
    },
    "Chaotic": {
      "x": 1000.0,
      "y": 257.2664580251176
    },
    "Bored": {
      "x": 359.3666960616332,
      "y": 58.402137840082176
    },
    "Grateful": {
      "x": 318.70870018713003,
      "y": 876.4695866897878
    },
    "Confident": {
      "x": 886.9809505079202,
      "y": 1000.0
    }
  },
  "coordinate_system": {
    "range_x": [
      0,
      1000
    ],
    "range_y": [
      0,
      1000
    ],
    "algorithm": "force_directed_layout"
  }
}