{
  "central_vibe_positions": {
    "Sad": {
      "x": 411.34964791213724,
      "y": 521.7256480174839
    },
    "Happy": {
      "x": 498.08010177584254,
      "y": 383.23561002148386
    },
    "Chill": {
      "x": 611.3789881241486,
      "y": 542.1813806225903
    },
    "Anxious": {
      "x": 727.6885974301197,
      "y": 689.9688718532382
    },
    "Energy": {
      "x": 471.2751921798258,
      "y": 685.3040441681674
    },
    "Dark": {
      "x": 349.854846741085,
      "y": 840.714910999968
    },
    "Introspective": {
      "x": 617.1192611497642,
      "y": 783.8811771681188
    },
    "Romantic": {
      "x": 215.49399173084322,
      "y": 630.9144942350624
    },
    "Nostalgic": {
      "x": 356.19940484237117,
      "y": 684.9569897568929
    },
    "Night": {
      "x": 476.4882634014095,
      "y": 1000.0
    },
    "Drive": {
      "x": 160.83354571362656,
      "y": 891.6216833114466
    },
    "Party": {
      "x": 264.25349153995427,
      "y": 408.6798630604943
    },
    "Angry": {
      "x": 324.61326742056735,
      "y": 298.56102464425624
    },
    "Bitter": {
      "x": 64.30768974941378,
      "y": 588.8342289112863
    },
    "Hopeful": {
      "x": 506.0087321867667,
      "y": 251.48321144061958
    },
    "Excited": {
      "x": 160.53437695106462,
      "y": 394.5788664670056
    },
    "Jealous": {
      "x": 0.0,
      "y": 249.9012517611746
    },
    "Peaceful": {
      "x": 735.7445508530634,
      "y": 20.308726486661957
    },
    "Playful": {
      "x": 397.35324263231007,
      "y": 0.0
    },
    "Chaotic": {
      "x": 682.0781991749277,
      "y": 220.61237919895257
    },
    "Bored": {
      "x": 1000.0,
      "y": 363.8807012332615
    },
    "Grateful": {
      "x": 795.8466302776887,
      "y": 368.2086944701348
    },
    "Confident": {
      "x": 835.1606917456093,
      "y": 590.0830422129933
    }
  },
  "coordinate_system": {
    "range_x": [
      0,
      1000
    ],
    "range_y": [
      0,
      1000
    ],
    "algorithm": "improved_force_directed_layout",
    "notes": "Increased connection strength and ideal distance to keep related vibes closer"
  }
}